no_Trans;no_item;item;kategori;ket;tgl;harga;qty;jumlah;diskon;total
155868;mic 0600451;gagang pintu DD;gagang pintu;gagang pintu kembar/pull handle;01/07/2023;884000;2;1768000;50%;884000
155869;mic 0506106;gagang pintu S;gagang pintu;gagang pintu sedang(pintu 1 daun);01/07/2023;283000;5;1415000;50%;707500
155870;mic 2001210;hak angin B;hak angin;hak angin/centolan jendela;01/07/2023;93500;5;467500;40%;280500
155870;mic 2001230;hak angin C;hak angin;hak angin/centolan jendela;01/07/2023;93500;7;654500;40%;392700
155871;mic 2012065;grendel pintu AA;grendel pintu;grendel pintu;02/07/2023;50000;1;50000;40%;30000
155872;mic 0400702;gagang pintu C;gagang pintu;gagang pintu;04/07/2023;536500;1;536500;PROMO;175000
155873;mic 2012065;grendel pintu AA;grendel pintu;grendel pintu;05/07/2023;50000;1;50000;40%;30000
155874;mic 2001230;hak angin C;hak angin;hak angin/centolan jendela;05/07/2023;93500;2;187000;40%;112200
155874;mic 2012080;grendel pintu AA;grendel pintu;grendel pintu;05/07/2023;40000;4;160000;40%;96000
155875;mic 0500012;gagang pintu B;gagang pintu;gagang pintu besar(pintu 1 daun);06/07/2023;541000;1;541000;60%;216400
155876;mic 0506108;gagang pintu S;gagang pintu;gagang pintu sedang(pintu 1 daun);06/07/2023;283000;1;283000;50%;141500
155877;mic 0506101;gagang pintu S;gagang pintu;gagang pintu sedang(pintu 1 daun);06/07/2023;342000;1;342000;60%;136800
155878;mic 0101062;lockcase 2;lockcase;lockcase/body kunci;08/07/2023;135500;1;135500;50%;67750
155878;mic 0104004;anak kunci;anak kunci;anak kunci/cylinder;08/07/2023;111000;1;111000;50%;55500
155879;mic 0506055;engsel pintu & jendela;engsel pintu & jendela;engsel pintu & jendela;08/07/2023;66000;2;132000;50%;66000
155880;mic 2006020;grendel jendela K;grendel jendela;grendel kodok khusus jendela;08/07/2023;148500;1;148500;40%;89100
155881;mic 0101062;lockcase 2;lockcase;lockcase/body kunci;08/07/2023;135500;1;135500;50%;67750
155881;mic 0104004;anak kunci;anak kunci;anak kunci/cylinder;08/07/2023;111000;1;111000;50%;55500
155881;mic 0700001;escushion 1;escushion;escushion/cover anak kunci;08/07/2023;86500;1;86500;40%;51900
155882;mic 0400723;gagang pintu C;gagang pintu;gagang pintu;09/07/2023;592000;1;592000;PROMO;190000
155883;mic 0101062;lockcase 2;lockcase;lockcase/body kunci;09/07/2023;135500;1;135500;50%;67750
155883;mic 0800001;anak kunci;anak kunci;anak kunci/cylinder;09/07/2023;201500;1;201500;PROMO;81000
155884;mic 2012081;grendel pintu AA;grendel pintu;grendel pintu;09/07/2023;56500;1;56500;40%;33900
155885;mic 0506108;gagang pintu S;gagang pintu;gagang pintu sedang(pintu 1 daun);09/07/2023;283000;1;283000;50%;141500
155886;mic 0400723;gagang pintu C;gagang pintu;gagang pintu;10/07/2023;592000;1;592000;PROMO;190000
155887;mic 0103005;lockcase 2;lockcase;lockcase/body kunci;12/07/2023;296500;1;296500;50%;148250
155887;mic 0104004;anak kunci;anak kunci;anak kunci/cylinder;12/07/2023;111000;1;111000;50%;55500
155888;mic 2012081;grendel pintu AA;grendel pintu;grendel pintu;12/07/2023;56500;1;56500;40%;33900
155888;mic 2012095;grendel pintu AA;grendel pintu;grendel pintu;12/07/2023;54500;1;54500;40%;32700
155889;mic 0506102;gagang pintu S;gagang pintu;gagang pintu sedang(pintu 1 daun);12/07/2023;342000;2;684000;60%;273600
155890;mic 0400702;gagang pintu C;gagang pintu;gagang pintu;13/07/2023;536500;1;536500;PROMO;175000
155891;mic 0500021;gagang pintu B;gagang pintu;gagang pintu besar(pintu 1 daun);13/07/2023;522500;1;522500;60%;209000
155892;mic 2004000;grendel jendela A;grendel jendela;grendel jendela;13/07/2023;74000;1;74000;40%;44400
155892;mic 2001355;hak angin A;hak angin;hak angin/centolan jendela;13/07/2023;139000;2;278000;40%;166800
155892;mic 0506055;engsel pintu & jendela;engsel pintu & jendela;engsel pintu & jendela;13/07/2023;66000;3;198000;50%;99000
155893;mic 0600513;gagang pintu DD;gagang pintu;gagang pintu kembar/pull handle;13/07/2023;471000;2;942000;50%;471000
155894;mic 0506109;gagang pintu S;gagang pintu;gagang pintu sedang(pintu 1 daun);13/07/2023;376500;1;376500;60%;150600
155895;mic 0506055;engsel pintu & jendela;engsel pintu & jendela;engsel pintu & jendela;14/07/2023;66000;1;66000;50%;33000
155896;mic 0103005;lockcase 2;lockcase;lockcase/body kunci;15/07/2023;296500;2;593000;50%;296500
155896;mic 0800001;anak kunci;anak kunci;anak kunci/cylinder;15/07/2023;201500;2;403000;PROMO;162000
155897;mic 1900250;gembok;gembok;gembok;16/07/2023;99500;1;99500;40%;59700
155897;mic 2012003;grendel pintu AF;grendel pintu;grendel pintu;16/07/2023;25000;1;25000;40%;15000
155898;mic 0103005;lockcase 2;lockcase;lockcase/body kunci;16/07/2023;296500;1;296500;50%;148250
155899;mic 0500028;gagang pintu B;gagang pintu;gagang pintu besar(pintu 1 daun);17/07/2023;483000;1;483000;PROMO;145000
155810;mic 1100005;door  closer;door  closer;door  closer/otomatis pintu;17/07/2023;455500;2;911000;50%;455500
192901;mic 2012020;grendel pintu AC;grendel pintu;grendel pintu kembar;17/07/2023;40000;2;80000;40%;48000
192902;mic 2012020;grendel pintu AC;grendel pintu;grendel pintu kembar;18/07/2023;40000;2;80000;40%;48000
192903;mic 2001355;hak angin A;hak angin;hak angin/centolan jendela;20/07/2023;139000;1;139000;40%;83400
192903;mic 1500050;engsel pintu & jendela;engsel pintu & jendela;engsel pintu & jendela;20/07/2023;73000;1;73000;50%;36500
192904;mic 0600510;gagang pintu DD;gagang pintu;gagang pintu kembar/pull handle;20/07/2023;471000;4;1884000;50%;942000
192905;mic 2012003;grendel pintu AF;grendel pintu;grendel pintu;20/07/2023;25000;1;25000;30%;17500
192905;mic 1900250;gembok;gembok;gembok;20/07/2023;99500;1;99500;50%;49750
192906;mic 0500028;gagang pintu B;gagang pintu;gagang pintu besar(pintu 1 daun);20/07/2023;483000;1;483000;PROMO;145000
192907;mic 0800001;anak kunci;anak kunci;anak kunci/cylinder;20/07/2023;201500;1;201500;PROMO;81000
192908;mic 0400800;gagang pintu C;gagang pintu;gagang pintu;22/07/2023;632000;1;632000;PROMO;205000
192909;mic 0506106;gagang pintu S;gagang pintu;gagang pintu sedang(pintu 1 daun);23/07/2023;283000;1;283000;50%;141500
192910;mic 0500026;gagang pintu B;gagang pintu;gagang pintu besar(pintu 1 daun);23/07/2023;483000;2;966000;PROMO;290000
192910;mic 0506100;gagang pintu S;gagang pintu;gagang pintu sedang(pintu 1 daun);23/07/2023;342000;1;342000;60%;136800
192911;mic 0506055;engsel pintu & jendela;engsel pintu & jendela;engsel pintu & jendela;23/07/2023;66000;7;462000;50%;231000
192911;mic 1500050;engsel pintu & jendela;engsel pintu & jendela;engsel pintu & jendela;23/07/2023;73000;6;438000;50%;219000
192912;mic 2012003;grendel pintu AF;grendel pintu;grendel pintu;23/07/2023;25000;1;25000;40%;15000
192914;mic 1900250;gembok;gembok;gembok;24/07/2023;99500;1;99500;50%;49750
192915;mic 0101033;lockcase 2;lockcase;lockcase/body kunci;24/07/2023;533000;1;533000;50%;266500
192915;mic 0103005;lockcase 2;lockcase;lockcase/body kunci;24/07/2023;296500;1;296500;50%;148250
192915;mic 0700001;escushion 1;escushion;escushion/cover anak kunci;24/07/2023;86500;1;86500;40%;51900
192915;mic 0600504;gagang pintu DD;gagang pintu;gagang pintu kembar/pull handle;24/07/2023;615000;1;615000;50%;307500
192915;mic 0600508;gagang pintu DD;gagang pintu;gagang pintu kembar/pull handle;24/07/2023;471000;1;471000;50%;235500
192916;mic 2012024;grendel pintu AC;grendel pintu;grendel pintu kembar;24/07/2023;132000;2;264000;40%;158400
192916;mic 2012081;grendel pintu AA;grendel pintu;grendel pintu;24/07/2023;56500;1;56500;40%;33900
192917;mic 2012020;grendel pintu AC;grendel pintu;grendel pintu kembar;25/07/2023;40000;2;80000;40%;48000
192918;mic 0104004;anak kunci;anak kunci;anak kunci/cylinder;26/07/2023;111000;1;111000;50%;55500
192919;mic 2012003;grendel pintu AF;grendel pintu;grendel pintu;27/07/2023;25000;2;50000;40%;30000
192920;mic 0400900;gagang pintu C;gagang pintu;gagang pintu;27/07/2023;536500;1;536500;PROMO;175000
192921;mic 0506100;gagang pintu S;gagang pintu;gagang pintu sedang(pintu 1 daun);27/07/2023;342000;3;1026000;60%;410400
192921;mic 2004000;grendel jendela A;grendel jendela;grendel jendela;27/07/2023;74000;2;148000;40%;88800
192921;mic 1500056;engsel pintu & jendela;engsel pintu & jendela;engsel pintu & jendela;27/07/2023;159000;3;477000;50%;238500
192922;mic 2012083;grendel pintu AA;grendel pintu;grendel pintu;27/07/2023;90500;1;90500;40%;54300
192923;mic 0500026;gagang pintu B;gagang pintu;gagang pintu besar(pintu 1 daun);27/07/2023;483000;1;483000;PROMO;145000
192925;mic 0101040;lockcase 2;lockcase;lockcase/body kunci;27/07/2023;222000;1;222000;50%;111000
192926;mic 0104004;anak kunci;anak kunci;anak kunci/cylinder;28/07/2023;111000;1;111000;50%;55500
192927;mic 2012003;grendel pintu AF;grendel pintu;grendel pintu;29/07/2023;25000;1;25000;40%;15000
192928;mic 0506108;gagang pintu S;gagang pintu;gagang pintu sedang(pintu 1 daun);29/07/2023;283000;1;283000;50%;141500
192929;mic 2012020;grendel pintu AC;grendel pintu;grendel pintu kembar;29/07/2023;40000;2;80000;40%;48000
192930;mic 0500025;gagang pintu B;gagang pintu;gagang pintu besar(pintu 1 daun);30/07/2023;483000;2;966000;PROMO;290000
192931;mic 0506105;gagang pintu S;gagang pintu;gagang pintu sedang(pintu 1 daun);30/07/2023;283000;1;283000;50%;141500
192932;mic 0101040;lockcase 2;lockcase;lockcase/body kunci;01/08/2023;222000;2;444000;50%;222000
192932;mic 0104003;anak kunci;anak kunci;anak kunci/cylinder;01/08/2023;232000;2;464000;40%;278400
192933;mic 0500028;gagang pintu B;gagang pintu;gagang pintu besar(pintu 1 daun);01/08/2023;483000;1;483000;PROMO;145000
192933;mic 0506102;gagang pintu S;gagang pintu;gagang pintu sedang(pintu 1 daun);01/08/2023;342000;1;342000;60%;136800
192934;mic 0506106;gagang pintu S;gagang pintu;gagang pintu sedang(pintu 1 daun);01/08/2023;283000;1;283000;50%;141500
192934;mic 2012003;grendel pintu AF;grendel pintu;grendel pintu;01/08/2023;25000;1;25000;40%;15000
192935;mic 0506055;engsel pintu & jendela;engsel pintu & jendela;engsel pintu & jendela;02/08/2023;66000;1;66000;50%;33000
192935;mic 0506100;gagang pintu S;gagang pintu;gagang pintu sedang(pintu 1 daun);02/08/2023;342000;1;342000;60%;136800
192936;mic 0400723;gagang pintu C;gagang pintu;gagang pintu;03/08/2023;592000;2;1184000;PROMO;380000
192937;mic 1500051;engsel pintu & jendela;engsel pintu & jendela;engsel pintu & jendela;03/08/2023;94500;1;94500;50%;47250
192937;mic 2012020;grendel pintu AC;grendel pintu;grendel pintu kembar;03/08/2023;40000;1;40000;40%;24000
192938;mic 0601395;gagang pintu DD;gagang pintu;gagang pintu kembar/pull handle;03/08/2023;493000;1;493000;60%;197200
192939;mic 0400875;gagang pintu C;gagang pintu;gagang pintu;03/08/2023;666000;4;2664000;PROMO;916000
192940;mic 1500051;engsel pintu & jendela;engsel pintu & jendela;engsel pintu & jendela;03/08/2023;94500;3;283500;50%;141750
192940;mic 2012020;grendel pintu AC;grendel pintu;grendel pintu kembar;03/08/2023;40000;3;120000;40%;72000
192941;mic 2012003;grendel pintu AF;grendel pintu;grendel pintu;03/08/2023;25000;2;50000;40%;30000
192941;mic 1900101;gembok;gembok;gembok;03/08/2023;509500;2;1019000;40%;611400
192941;mic 1500051;engsel pintu & jendela;engsel pintu & jendela;engsel pintu & jendela;03/08/2023;94500;4;378000;40%;226800
192941;mic 2004000;grendel jendela A;grendel jendela;grendel jendela;03/08/2023;74000;3;222000;40%;133200
192942;mic 1900101;gembok;gembok;gembok;05/08/2023;509500;1;509500;40%;305700
192942;mic 2012003;grendel pintu AF;grendel pintu;grendel pintu;05/08/2023;25000;1;25000;40%;15000
192943;mic 0101040;lockcase 2;lockcase;lockcase/body kunci;07/08/2023;222000;1;222000;40%;133200
192943;mic 0104003;anak kunci;anak kunci;anak kunci/cylinder;07/08/2023;232000;1;232000;40%;139200
192943;mic 2004000;grendel jendela A;grendel jendela;grendel jendela;07/08/2023;74000;1;74000;40%;44400
192943;mic 1500051;engsel pintu & jendela;engsel pintu & jendela;engsel pintu & jendela;07/08/2023;94500;2;189000;40%;113400
192943;mic 2001210;hak angin B;hak angin;hak angin/centolan jendela;07/08/2023;93500;1;93500;40%;56100
192944;mic 1500050;engsel pintu & jendela;engsel pintu & jendela;engsel pintu & jendela;07/08/2023;73000;10;730000;50%;365000
192944;mic 0506055;engsel pintu & jendela;engsel pintu & jendela;engsel pintu & jendela;07/08/2023;66000;3;198000;50%;99000
192944;mic 0506108;gagang pintu S;gagang pintu;gagang pintu sedang(pintu 1 daun);07/08/2023;283000;2;566000;50%;283000
192945;mic 0800001;anak kunci;anak kunci;anak kunci/cylinder;07/08/2023;201500;2;403000;PROMO;162000
192946;mic 0506107;gagang pintu S;gagang pintu;gagang pintu sedang(pintu 1 daun);07/08/2023;283000;2;566000;50%;283000
192947;mic 0601349;gagang pintu DD;gagang pintu;gagang pintu kembar/pull handle;08/08/2023;471000;1;471000;50%;235500
192947;mic 0101040;lockcase 2;lockcase;lockcase/body kunci;08/08/2023;222000;1;222000;50%;111000
192947;mic 0104004;anak kunci;anak kunci;anak kunci/cylinder;08/08/2023;111000;1;111000;50%;55500
192947;mic 0506055;engsel pintu & jendela;engsel pintu & jendela;engsel pintu & jendela;08/08/2023;66000;3;198000;50%;99000
192948;mic 0400510;gagang pintu C;gagang pintu;gagang pintu;08/08/2023;604000;1;604000;PROMO;229000
192948;mic 0506102;gagang pintu S;gagang pintu;gagang pintu sedang(pintu 1 daun);08/08/2023;342000;1;342000;60%;136800
192948;mic 1500056;engsel pintu & jendela;engsel pintu & jendela;engsel pintu & jendela;08/08/2023;159000;3;477000;50%;238500
192948;mic 1500050;engsel pintu & jendela;engsel pintu & jendela;engsel pintu & jendela;08/08/2023;73000;11;803000;50%;401500
192949;mic 1500050;engsel pintu & jendela;engsel pintu & jendela;engsel pintu & jendela;09/08/2023;73000;1;73000;40%;43800
192949;mic 0506106;gagang pintu S;gagang pintu;gagang pintu sedang(pintu 1 daun);09/08/2023;283000;1;283000;50%;141500
192950;mic 0509115;gagang pintu B;gagang pintu;gagang pintu besar(pintu 1 daun);10/08/2023;515500;1;515500;60%;206200
192951;mic 2001355;hak angin A;hak angin;hak angin/centolan jendela;10/08/2023;139000;1;139000;40%;83400
192951;mic 1500060;engsel pintu & jendela;engsel pintu & jendela;engsel pintu & jendela;10/08/2023;202000;1;202000;50%;101000
199652;mic 0103005;lockcase 2;lockcase;lockcase/body kunci;11/08/2023;296500;1;296500;50%;148250
199653;mic 0104004;anak kunci;anak kunci;anak kunci/cylinder;11/08/2023;111000;1;111000;50%;55500
199654;mic 0506100;gagang pintu S;gagang pintu;gagang pintu sedang(pintu 1 daun);11/08/2023;342000;4;1368000;60%;547200
199655;mic 2012095;grendel pintu AA;grendel pintu;grendel pintu;12/08/2023;54500;1;54500;40%;32700
199656;mic 0506106;gagang pintu S;gagang pintu;gagang pintu sedang(pintu 1 daun);13/08/2023;283000;2;566000;50%;283000
199656;mic 0601395;gagang pintu DD;gagang pintu;gagang pintu kembar/pull handle;13/08/2023;493000;2;986000;60%;394400
199656;mic 1500050;engsel pintu & jendela;engsel pintu & jendela;engsel pintu & jendela;13/08/2023;73000;2;146000;50%;73000
199656;mic 2012020;grendel pintu AC;grendel pintu;grendel pintu kembar;13/08/2023;40000;2;80000;50%;40000
199657;mic 0104004;anak kunci;anak kunci;anak kunci/cylinder;13/08/2023;111000;2;222000;50%;111000
199658;mic 0500025;gagang pintu B;gagang pintu;gagang pintu besar(pintu 1 daun);13/08/2023;483000;2;966000;PROMO;290000
199659;mic 0500025;gagang pintu B;gagang pintu;gagang pintu besar(pintu 1 daun);14/08/2023;483000;1;483000;PROMO;145000
199660;mic 2012080;grendel pintu AA;grendel pintu;grendel pintu;14/08/2023;40000;1;40000;40%;24000
199661;mic 1500052;engsel pintu & jendela;engsel pintu & jendela;engsel pintu & jendela;14/08/2023;140000;2;280000;50%;140000
199661;mic 2006020;grendel jendela K;grendel jendela;grendel kodok khusus jendela;14/08/2023;148500;4;594000;40%;356400
199661;mic 2001355;hak angin A;hak angin;hak angin/centolan jendela;14/08/2023;139000;3;417000;40%;250200
199662;mic 0400702;gagang pintu C;gagang pintu;gagang pintu;14/08/2023;536500;1;536500;PROMO;175000
199662;mic 0500025;gagang pintu B;gagang pintu;gagang pintu besar(pintu 1 daun);14/08/2023;483000;1;483000;PROMO;145000
199663;mic 0506106;gagang pintu S;gagang pintu;gagang pintu sedang(pintu 1 daun);15/08/2023;283000;1;283000;50%;141500
199664;mic 2012020;grendel pintu AC;grendel pintu;grendel pintu kembar;15/08/2023;40000;1;40000;40%;24000
199664;mic 0506055;engsel pintu & jendela;engsel pintu & jendela;engsel pintu & jendela;15/08/2023;66000;1;66000;50%;33000
199665;mic 0506055;engsel pintu & jendela;engsel pintu & jendela;engsel pintu & jendela;16/08/2023;66000;1;66000;50%;33000
199666;mic 1500056;engsel pintu & jendela;engsel pintu & jendela;engsel pintu & jendela;17/08/2023;159000;1;159000;50%;79500
199666;mic 2012081;grendel pintu AA;grendel pintu;grendel pintu;17/08/2023;56500;1;56500;40%;33900
199667;mic 2001355;hak angin A;hak angin;hak angin/centolan jendela;17/08/2023;139000;1;139000;40%;83400
199667;mic 1500051;engsel pintu & jendela;engsel pintu & jendela;engsel pintu & jendela;17/08/2023;94500;1;94500;50%;47250
199668;mic 0600511;gagang pintu DD;gagang pintu;gagang pintu kembar/pull handle;17/08/2023;471000;2;942000;50%;471000
199669;mic 0103025;anak kunci;anak kunci;anak kunci/cylinder;17/08/2023;129000;1;129000;50%;64500
199671;mic 0506055;engsel pintu & jendela;engsel pintu & jendela;engsel pintu & jendela;19/08/2023;66000;4;264000;50%;132000
199671;mic 2012080;grendel pintu AA;grendel pintu;grendel pintu;19/08/2023;40000;1;40000;40%;24000
199672;mic 1500061;engsel pintu & jendela;engsel pintu & jendela;engsel pintu & jendela;19/08/2023;345500;5;1727500;50%;863750
199673;mic 0400723;gagang pintu C;gagang pintu;gagang pintu;20/08/2023;592000;1;592000;PROMO;190000
199674;mic 2001355;hak angin A;hak angin;hak angin/centolan jendela;20/08/2023;139000;1;139000;40%;83400
199674;mic 1500056;engsel pintu & jendela;engsel pintu & jendela;engsel pintu & jendela;20/08/2023;159000;1;159000;50%;79500
199675;mic 0104004;anak kunci;anak kunci;anak kunci/cylinder;20/08/2023;111000;1;111000;PROMO;175000
199676;mic 0509115;gagang pintu B;gagang pintu;gagang pintu besar(pintu 1 daun);21/08/2023;515500;1;515500;60%;206200
199677;mic 0800001;anak kunci;anak kunci;anak kunci/cylinder;22/08/2023;201500;1;201500;PROMO;81000
199678;mic 2012080;grendel pintu AA;grendel pintu;grendel pintu;24/08/2023;40000;10;400000;40%;240000
199679;mic 0500025;gagang pintu B;gagang pintu;gagang pintu besar(pintu 1 daun);24/08/2023;483000;1;483000;PROMO;145000
199679;mic 1500056;engsel pintu & jendela;engsel pintu & jendela;engsel pintu & jendela;24/08/2023;159000;1;159000;50%;79500
199680;mic 0103025;anak kunci;anak kunci;anak kunci/cylinder;24/08/2023;129000;1;129000;50%;64500
199681;mic 2012080;grendel pintu AA;grendel pintu;grendel pintu;24/08/2023;40000;2;80000;40%;48000
199682;mic 2012080;grendel pintu AA;grendel pintu;grendel pintu;24/08/2023;40000;1;40000;40%;24000
199683;mic 2012095;grendel pintu AA;grendel pintu;grendel pintu;25/08/2023;54500;1;54500;40%;32700
199684;mic 0400702;gagang pintu C;gagang pintu;gagang pintu;25/08/2023;536500;1;536500;PROMO;175000
199684;mic 0506055;engsel pintu & jendela;engsel pintu & jendela;engsel pintu & jendela;25/08/2023;66000;2;132000;50%;66000
199685;mic 1500051;engsel pintu & jendela;engsel pintu & jendela;engsel pintu & jendela;26/08/2023;94500;2;189000;50%;94500
199685;mic 2006009;grendel jendela K;grendel jendela;grendel kodok khusus jendela;26/08/2023;90500;2;181000;40%;108600
199685;mic 2001230;hak angin C;hak angin;hak angin/centolan jendela;26/08/2023;93500;1;93500;40%;56100
199686;mic 2012020;grendel pintu AC;grendel pintu;grendel pintu kembar;27/08/2023;40000;1;40000;40%;24000
199687;mic 0506107;gagang pintu S;gagang pintu;gagang pintu sedang(pintu 1 daun);27/08/2023;283000;1;283000;50%;141500
199688;mic 0506107;gagang pintu S;gagang pintu;gagang pintu sedang(pintu 1 daun);28/08/2023;283000;1;283000;50%;141500
199689;mic 0600513;gagang pintu DD;gagang pintu;gagang pintu kembar/pull handle;29/08/2023;471000;2;942000;50%;471000
199690;mic 2012020;grendel pintu AC;grendel pintu;grendel pintu kembar;29/08/2023;40000;1;40000;40%;24000
199690;mic 0506055;engsel pintu & jendela;engsel pintu & jendela;engsel pintu & jendela;29/08/2023;66000;4;264000;50%;132000
199691;mic 2012095;grendel pintu AA;grendel pintu;grendel pintu;30/08/2023;54500;2;109000;40%;65400
199692;mic 1500050;engsel pintu & jendela;engsel pintu & jendela;engsel pintu & jendela;30/08/2023;73000;10;730000;50%;365000
199693;mic 2009010;handle tanam p.geser 2;handle tanam pintu geser;handle tanam pintu geser;31/08/2023;92500;1;92500;40%;55500
199694;mic 2012080;grendel pintu AA;grendel pintu;grendel pintu;31/08/2023;40000;1;40000;40%;24000
199695;mic 2012095;grendel pintu AA;grendel pintu;grendel pintu;31/08/2023;54500;2;109000;40%;65400
199696;mic 2004000;grendel jendela A;grendel jendela;grendel jendela;31/08/2023;74000;2;148000;40%;88800
199696;mic 1500050;engsel pintu & jendela;engsel pintu & jendela;engsel pintu & jendela;31/08/2023;73000;3;219000;50%;109500
199697;mic 1900101;gembok;gembok;gembok;31/08/2023;509500;2;1019000;50%;509500
199697;mic 2012003;grendel pintu AF;grendel pintu;grendel pintu;31/08/2023;25000;2;50000;40%;30000
199698;mic 2012080;grendel pintu AA;grendel pintu;grendel pintu;31/08/2023;40000;1;40000;40%;24000
199699;mic 2004000;grendel jendela A;grendel jendela;grendel jendela;02/09/2023;74000;2;148000;40%;88800
199699;mic 0506055;engsel pintu & jendela;engsel pintu & jendela;engsel pintu & jendela;02/09/2023;66000;3;198000;50%;99000
199700;mic 0101000;lockcase 2;lockcase;lockcase/body kunci;03/09/2023;218000;1;218000;50%;109000
199700;mic 0103025;anak kunci;anak kunci;anak kunci/cylinder;03/09/2023;129000;1;129000;40%;77400
185051;mic 0103001;anak kunci;anak kunci;anak kunci/cylinder;04/09/2023;230000;1;230000;50%;115000
185051;mic 0101033;lockcase 2;lockcase;lockcase/body kunci;04/09/2023;533000;1;533000;40%;319800
185052;mic 0103025;anak kunci;anak kunci;anak kunci/cylinder;04/09/2023;129000;1;129000;50%;64500
185052;mic 0101033;lockcase 2;lockcase;lockcase/body kunci;04/09/2023;533000;1;533000;40%;319800
185053;mic 0103025;anak kunci;anak kunci;anak kunci/cylinder;04/09/2023;129000;1;129000;50%;64500
185054;mic 1900202;gembok;gembok;gembok angka;04/09/2023;57500;1;57500;50%;28750
185055;mic 0400850;gagang pintu C;gagang pintu;gagang pintu;04/09/2023;771500;1;771500;PROMO;229000
185056;mic 1900101;gembok;gembok;gembok;05/09/2023;509500;1;509500;50%;254750
185056;mic 2012003;grendel pintu AF;grendel pintu;grendel pintu;05/09/2023;25000;1;25000;40%;15000
185057;mic 0506106;gagang pintu S;gagang pintu;gagang pintu sedang(pintu 1 daun);05/09/2023;283000;2;566000;50%;283000
185058;mic 0506055;engsel pintu & jendela;engsel pintu & jendela;engsel pintu & jendela;05/09/2023;66000;1;66000;50%;33000
185058;mic 0500025;gagang pintu B;gagang pintu;gagang pintu besar(pintu 1 daun);05/09/2023;483000;1;483000;PROMO;145000
185059;mic 0101000;lockcase 2;lockcase;lockcase/body kunci;05/09/2023;218000;1;218000;40%;130800
185059;mic 2012020;grendel pintu AC;grendel pintu;grendel pintu kembar;05/09/2023;40000;1;40000;40%;24000
185059;mic 2004000;grendel jendela A;grendel jendela;grendel jendela;05/09/2023;74000;2;148000;40%;88800
185059;mic 0506055;engsel pintu & jendela;engsel pintu & jendela;engsel pintu & jendela;05/09/2023;66000;1;66000;40%;39600
185059;mic 0103002;anak kunci;anak kunci;anak kunci/cylinder;05/09/2023;230000;1;230000;50%;115000
185060;mic 2012080;grendel pintu AA;grendel pintu;grendel pintu;06/09/2023;40000;4;160000;40%;96000
185061;mic 1100005;door  closer;door  closer;door  closer/otomatis pintu;08/09/2023;455500;1;455500;50%;227750
185062;mic 1500050;engsel pintu & jendela;engsel pintu & jendela;engsel pintu & jendela;09/09/2023;73000;1;73000;50%;36500
185062;mic 1500056;engsel pintu & jendela;engsel pintu & jendela;engsel pintu & jendela;09/09/2023;159000;1;159000;50%;79500
185062;mic 2012020;grendel pintu AC;grendel pintu;grendel pintu kembar;09/09/2023;40000;1;40000;40%;24000
185063;mic 0101040;lockcase 2;lockcase;lockcase/body kunci;09/09/2023;222000;1;222000;50%;111000
185063;mic 0103025;anak kunci;anak kunci;anak kunci/cylinder;09/09/2023;129000;1;129000;50%;64500
185064;mic 2004000;grendel jendela A;grendel jendela;grendel jendela;10/09/2023;74000;1;74000;40%;44400
185064;mic 2001230;hak angin C;hak angin;hak angin/centolan jendela;10/09/2023;93500;1;93500;40%;56100
185064;mic 0506055;engsel pintu & jendela;engsel pintu & jendela;engsel pintu & jendela;10/09/2023;66000;1;66000;50%;33000
185065;mic 1900002;gembok;gembok;gembok;10/09/2023;211000;1;211000;50%;105500
185066;mic 0101040;lockcase 2;lockcase;lockcase/body kunci;10/09/2023;222000;1;222000;50%;111000
185066;mic 0103025;anak kunci;anak kunci;anak kunci/cylinder;10/09/2023;129000;1;129000;50%;64500
185066;mic 0702015;escushion 2;escushion;escushion/cover anak kunci;10/09/2023;15500;1;15500;40%;9300
185067;mic 0101040;lockcase 2;lockcase;lockcase/body kunci;10/09/2023;222000;1;222000;50%;111000
185067;mic 0103025;anak kunci;anak kunci;anak kunci/cylinder;10/09/2023;129000;1;129000;50%;64500
185068;mic 0101040;lockcase 2;lockcase;lockcase/body kunci;12/09/2023;222000;1;222000;50%;111000
185068;mic 0103025;anak kunci;anak kunci;anak kunci/cylinder;12/09/2023;129000;1;129000;50%;64500
185069;mic 0101040;lockcase 2;lockcase;lockcase/body kunci;12/09/2023;222000;1;222000;50%;111000
185069;mic 0103025;anak kunci;anak kunci;anak kunci/cylinder;12/09/2023;129000;1;129000;50%;64500
185070;mic 2012065;grendel pintu AA;grendel pintu;grendel pintu;12/09/2023;50000;1;50000;40%;30000
185071;mic 1900002;gembok;gembok;gembok;13/09/2023;211000;3;633000;50%;316500
185071;mic 2012003;grendel pintu AF;grendel pintu;grendel pintu;13/09/2023;25000;5;125000;40%;75000
185072;mic 2001210;hak angin B;hak angin;hak angin/centolan jendela;13/09/2023;93500;2;187000;40%;112200
185072;mic 2004000;grendel jendela A;grendel jendela;grendel jendela;13/09/2023;74000;3;222000;40%;133200
185073;mic 1900002;gembok;gembok;gembok;14/09/2023;211000;1;211000;50%;105500
185073;mic 2012003;grendel pintu AF;grendel pintu;grendel pintu;14/09/2023;25000;1;25000;40%;15000
185074;mic 0103025;anak kunci;anak kunci;anak kunci/cylinder;15/09/2023;129000;1;129000;50%;64500
185075;mic 2012095;grendel pintu AA;grendel pintu;grendel pintu;16/09/2023;54500;1;54500;40%;32700
185076;mic 2001210;hak angin B;hak angin;hak angin/centolan jendela;17/09/2023;93500;1;93500;40%;56100
185076;mic 2004000;grendel jendela A;grendel jendela;grendel jendela;17/09/2023;74000;1;74000;40%;44400
185076;mic 0506055;engsel pintu & jendela;engsel pintu & jendela;engsel pintu & jendela;17/09/2023;66000;1;66000;50%;33000
185076;mic 0506106;gagang pintu S;gagang pintu;gagang pintu sedang(pintu 1 daun);17/09/2023;283000;1;283000;50%;141500
185077;mic 2012095;grendel pintu AA;grendel pintu;grendel pintu;17/09/2023;54500;1;54500;40%;32700
185077;mic 2012067;grendel pintu AA;grendel pintu;grendel pintu;17/09/2023;65000;1;65000;40%;39000
185078;mic 2012020;grendel pintu AC;grendel pintu;grendel pintu kembar;17/09/2023;40000;1;40000;40%;24000
185079;mic 2012003;grendel pintu AF;grendel pintu;grendel pintu;18/09/2023;25000;4;100000;40%;60000
185080;mic 2012003;grendel pintu AF;grendel pintu;grendel pintu;18/09/2023;25000;1;25000;40%;15000
185081;mic 2012003;grendel pintu AF;grendel pintu;grendel pintu;18/09/2023;25000;1;25000;40%;15000
185082;mic 2012003;grendel pintu AF;grendel pintu;grendel pintu;18/09/2023;25000;1;25000;40%;15000
185083;mic 2004000;grendel jendela A;grendel jendela;grendel jendela;19/09/2023;74000;1;74000;40%;44400
185083;mic 2001210;hak angin B;hak angin;hak angin/centolan jendela;19/09/2023;93500;1;93500;40%;56100
185084;mic 2004000;grendel jendela A;grendel jendela;grendel jendela;19/09/2023;74000;1;74000;40%;44400
185084;mic 0506055;engsel pintu & jendela;engsel pintu & jendela;engsel pintu & jendela;19/09/2023;66000;1;66000;50%;33000
185085;mic 2012003;grendel pintu AF;grendel pintu;grendel pintu;19/09/2023;25000;1;25000;40%;15000
185086;mic 0600515;gagang pintu DD;gagang pintu;gagang pintu kembar/pull handle;20/09/2023;471000;2;942000;50%;471000
185087;mic 0101040;lockcase 2;lockcase;lockcase/body kunci;20/09/2023;222000;1;222000;50%;111000
185087;mic 0103001;anak kunci;anak kunci;anak kunci/cylinder;20/09/2023;230000;1;230000;50%;115000
185088;mic 1900002;gembok;gembok;gembok;21/09/2023;211000;1;211000;50%;105500
185088;mic 2012003;grendel pintu AF;grendel pintu;grendel pintu;21/09/2023;25000;1;25000;40%;15000
185089;mic 0400702;gagang pintu C;gagang pintu;gagang pintu;22/09/2023;536500;6;3219000;PROMO;1050000
185089;mic 1500056;engsel pintu & jendela;engsel pintu & jendela;engsel pintu & jendela;22/09/2023;159000;6;954000;50%;477000
185089;mic 1500050;engsel pintu & jendela;engsel pintu & jendela;engsel pintu & jendela;22/09/2023;73000;6;438000;50%;219000
185089;mic 2001210;hak angin B;hak angin;hak angin/centolan jendela;22/09/2023;93500;3;280500;40%;168300
185089;mic 2006009;grendel jendela K;grendel jendela;grendel kodok khusus jendela;22/09/2023;90500;6;543000;40%;325800
185090;mic 2012003;grendel pintu AF;grendel pintu;grendel pintu;22/09/2023;25000;1;25000;40%;15000
185091;mic 2012003;grendel pintu AF;grendel pintu;grendel pintu;22/09/2023;25000;1;25000;40%;15000
185092;mic 2012003;grendel pintu AF;grendel pintu;grendel pintu;23/09/2023;25000;2;50000;40%;30000
185093;mic 0600510;gagang pintu DD;gagang pintu;gagang pintu kembar/pull handle;23/09/2023;471000;1;471000;50%;235500
185093;mic 2010106;gantungan baju;gantungan baju;gantungan baju;23/09/2023;83500;4;334000;40%;200400
185094;mic 2012101;grendel pintu AB;grendel pintu;grendel pintu;24/09/2023;111500;1;111500;40%;66900
185095;mic 0506106;gagang pintu S;gagang pintu;gagang pintu sedang(pintu 1 daun);25/09/2023;283000;1;283000;50%;141500
185096;mic 2012065;grendel pintu AA;grendel pintu;grendel pintu;26/09/2023;50000;2;100000;40%;60000
185097;mic 1900201;gembok;gembok;gembok angka;26/09/2023;57500;1;57500;50%;28750
185098;mic 2004000;grendel jendela A;grendel jendela;grendel jendela;26/09/2023;74000;1;74000;40%;44400
185098;mic 1500056;engsel pintu & jendela;engsel pintu & jendela;engsel pintu & jendela;26/09/2023;159000;1;159000;50%;79500
185099;mic 1100005;door  closer;door  closer;door  closer/otomatis pintu;26/09/2023;455500;2;911000;50%;455500
185100;mic 0702005;escushion 1;escushion;escushion/cover anak kunci;28/09/2023;164500;1;164500;40%;98700
186951;mic 0600513;gagang pintu DD;gagang pintu;gagang pintu kembar/pull handle;28/09/2023;471000;1;471000;50%;235500
186952;mic 2012020;grendel pintu AC;grendel pintu;grendel pintu kembar;28/09/2023;40000;16;640000;40%;384000
186952;mic 2004000;grendel jendela A;grendel jendela;grendel jendela;28/09/2023;74000;4;296000;40%;177600
186952;mic 2001210;hak angin B;hak angin;hak angin/centolan jendela;28/09/2023;93500;8;748000;40%;448800
186952;mic 2012027;grendel pintu AC;grendel pintu;grendel pintu kembar;28/09/2023;82500;1;82500;40%;49500
186952;mic 2012081;grendel pintu AA;grendel pintu;grendel pintu;28/09/2023;56500;1;56500;40%;33900
186952;mic 0101040;lockcase 2;lockcase;lockcase/body kunci;28/09/2023;222000;1;222000;50%;111000
186952;mic 0103025;anak kunci;anak kunci;anak kunci/cylinder;28/09/2023;129000;1;129000;50%;64500
186952;mic 0702005;escushion 1;escushion;escushion/cover anak kunci;28/09/2023;164500;1;164500;40%;98700
186952;mic 0600510;gagang pintu DD;gagang pintu;gagang pintu kembar/pull handle;28/09/2023;471000;2;942000;50%;471000
186953;mic 2009040;handle tanam p.geser 1;handle tanam pintu geser;handle tanam pintu geser;28/09/2023;39000;2;78000;40%;46800
186954;mic 0600031;gagang pintu D;gagang pintu;gagang pintu;29/09/2023;1313500;2;2627000;50%;1313500
186955;mic 1100005;door  closer;door  closer;door  closer/otomatis pintu;29/09/2023;455500;3;1366500;50%;683250
186956;mic 0506103;gagang pintu S;gagang pintu;gagang pintu sedang(pintu 1 daun);30/09/2023;342000;2;684000;60%;273600
186956;mic 0101000;lockcase 2;lockcase;lockcase/body kunci;30/09/2023;218000;1;218000;50%;109000
186956;mic 0103025;anak kunci;anak kunci;anak kunci/cylinder;30/09/2023;129000;1;129000;50%;64500
186958;mic 0506107;gagang pintu S;gagang pintu;gagang pintu sedang(pintu 1 daun);01/10/2023;283000;3;849000;50%;424500
186959;mic 0103025;anak kunci;anak kunci;anak kunci/cylinder;01/10/2023;129000;1;129000;40%;77400
186959;mic 0101000;lockcase 2;lockcase;lockcase/body kunci;01/10/2023;218000;1;218000;50%;109000
186960;mic 2004000;grendel jendela A;grendel jendela;grendel jendela;02/10/2023;74000;1;74000;40%;44400
186960;mic 1500050;engsel pintu & jendela;engsel pintu & jendela;engsel pintu & jendela;02/10/2023;73000;1;73000;50%;36500
186961;mic 0600500;gagang pintu DD;gagang pintu;gagang pintu kembar/pull handle;02/10/2023;526500;1;526500;50%;263250
186962;mic 0101000;lockcase 2;lockcase;lockcase/body kunci;02/10/2023;218000;1;218000;50%;109000
186962;mic 0103025;anak kunci;anak kunci;anak kunci/cylinder;02/10/2023;129000;1;129000;50%;64500
186963;mic 2012020;grendel pintu AC;grendel pintu;grendel pintu kembar;02/10/2023;40000;4;160000;40%;96000
186964;mic 2004000;grendel jendela A;grendel jendela;grendel jendela;01/10/2023;74000;2;148000;40%;88800
186964;mic 1500056;engsel pintu & jendela;engsel pintu & jendela;engsel pintu & jendela;02/10/2023;159000;3;477000;50%;238500
186965;mic 2004000;grendel jendela A;grendel jendela;grendel jendela;03/10/2023;74000;1;74000;40%;44400
186965;mic 2001210;hak angin B;hak angin;hak angin/centolan jendela;03/10/2023;93500;1;93500;40%;56100
186965;mic 0506055;engsel pintu & jendela;engsel pintu & jendela;engsel pintu & jendela;03/10/2023;66000;1;66000;50%;33000
186966;mic 2012020;grendel pintu AC;grendel pintu;grendel pintu kembar;03/10/2023;40000;1;40000;40%;24000
186966;mic 0506055;engsel pintu & jendela;engsel pintu & jendela;engsel pintu & jendela;03/10/2023;66000;2;132000;50%;66000
186967;mic 0506108;gagang pintu S;gagang pintu;gagang pintu sedang(pintu 1 daun);03/10/2023;283000;1;283000;50%;141500
186968;mic 0103025;anak kunci;anak kunci;anak kunci/cylinder;04/10/2023;129000;1;129000;50%;64500
186968;mic 0101033;lockcase 2;lockcase;lockcase/body kunci;04/10/2023;533000;1;533000;50%;266500
186969;mic 0103025;anak kunci;anak kunci;anak kunci/cylinder;04/10/2023;129000;1;129000;50%;64500
186969;mic 0102056;lockcase 1;lockcase;lockcase/body kunci;04/10/2023;243500;1;243500;50%;121750
186969;mic 0506108;gagang pintu S;gagang pintu;gagang pintu sedang(pintu 1 daun);04/10/2023;283000;1;283000;50%;141500
186970;mic 0506108;gagang pintu S;gagang pintu;gagang pintu sedang(pintu 1 daun);04/10/2023;283000;1;283000;50%;141500
186971;mic 0509100;gagang pintu B;gagang pintu;gagang pintu besar(pintu 1 daun);07/10/2023;515500;1;515500;60%;206200
186971;mic 0103020;anak kunci;anak kunci;anak kunci/cylinder;07/10/2023;135500;1;135500;50%;67750
186972;mic 0103025;anak kunci;anak kunci;anak kunci/cylinder;08/10/2023;129000;1;129000;50%;64500
186973;mic 0702015;escushion 2;escushion;escushion/cover anak kunci;08/10/2023;15500;1;15500;40%;9300
186974;mic 0506103;gagang pintu S;gagang pintu;gagang pintu sedang(pintu 1 daun);08/10/2023;342000;2;684000;60%;273600
186974;mic 1500056;engsel pintu & jendela;engsel pintu & jendela;engsel pintu & jendela;08/10/2023;159000;1;159000;50%;79500
186975;mic 0506055;engsel pintu & jendela;engsel pintu & jendela;engsel pintu & jendela;08/10/2023;66000;2;132000;50%;66000
186976;mic 1500050;engsel pintu & jendela;engsel pintu & jendela;engsel pintu & jendela;09/10/2023;73000;19;1387000;50%;693500
186977;mic 0101040;lockcase 2;lockcase;lockcase/body kunci;10/10/2023;222000;1;222000;50%;111000
186977;mic 0103025;anak kunci;anak kunci;anak kunci/cylinder;10/10/2023;129000;1;129000;50%;64500
186977;mic 0702015;escushion 2;escushion;escushion/cover anak kunci;10/10/2023;15500;1;15500;40%;9300
186978;mic 2012081;grendel pintu AA;grendel pintu;grendel pintu;10/10/2023;56500;1;56500;40%;33900
186979;mic 0500020;gagang pintu B;gagang pintu;gagang pintu besar(pintu 1 daun);11/10/2023;522500;1;522500;60%;209000
186980;mic 0103025;anak kunci;anak kunci;anak kunci/cylinder;11/10/2023;129000;1;129000;50%;64500
186981;mic 0500022;gagang pintu B;gagang pintu;gagang pintu besar(pintu 1 daun);11/10/2023;522500;1;522500;60%;209000
186982;mic 0601348;gagang pintu DD;gagang pintu;gagang pintu kembar/pull handle;11/10/2023;422000;2;844000;50%;422000
186982;mic 0600001;gagang pintu DD;gagang pintu;gagang pintu kembar/pull handle;11/10/2023;365500;2;731000;50%;365500
186982;mic 0101040;lockcase 2;lockcase;lockcase/body kunci;11/10/2023;222000;2;444000;50%;222000
186982;mic 0103025;anak kunci;anak kunci;anak kunci/cylinder;11/10/2023;129000;2;258000;50%;129000
186982;mic 0700001;escushion 1;escushion;escushion/cover anak kunci;11/10/2023;86500;2;173000;40%;103800
186982;mic 1500056;engsel pintu & jendela;engsel pintu & jendela;engsel pintu & jendela;11/10/2023;159000;6;954000;50%;477000
186983;mic 0506055;engsel pintu & jendela;engsel pintu & jendela;engsel pintu & jendela;13/10/2023;66000;1;66000;50%;33000
186983;mic 0506107;gagang pintu S;gagang pintu;gagang pintu sedang(pintu 1 daun);13/10/2023;283000;1;283000;50%;141500
186984;mic 0600506;gagang pintu DD;gagang pintu;gagang pintu kembar/pull handle;13/10/2023;471000;2;942000;50%;471000
186985;mic 0702015;escushion 2;escushion;escushion/cover anak kunci;14/10/2023;15500;1;15500;40%;9300
186986;mic 0500025;gagang pintu B;gagang pintu;gagang pintu besar(pintu 1 daun);14/10/2023;483000;1;483000;PROMO;145000
186986;mic 1500060;engsel pintu & jendela;engsel pintu & jendela;engsel pintu & jendela;14/10/2023;202000;1;202000;50%;101000
186987;mic 0506106;gagang pintu S;gagang pintu;gagang pintu sedang(pintu 1 daun);14/10/2023;283000;1;283000;50%;141500
186988;mic 1500060;engsel pintu & jendela;engsel pintu & jendela;engsel pintu & jendela;16/10/2023;202000;2;404000;50%;202000
186988;mic 0500020;gagang pintu B;gagang pintu;gagang pintu besar(pintu 1 daun);16/10/2023;522500;1;522500;60%;209000
186989;mic 0103025;anak kunci;anak kunci;anak kunci/cylinder;16/10/2023;129000;1;129000;50%;64500
186989;mic 0101000;lockcase 2;lockcase;lockcase/body kunci;16/10/2023;218000;1;218000;50%;109000
186989;mic 1500056;engsel pintu & jendela;engsel pintu & jendela;engsel pintu & jendela;16/10/2023;159000;1;159000;50%;79500
186990;mic 1100007;door  closer;door  closer;door  closer/otomatis pintu;17/10/2023;455500;4;1822000;50%;911000
186991;mic 2012065;grendel pintu AA;grendel pintu;grendel pintu;17/10/2023;50000;1;50000;40%;30000
186992;mic 3000003;rel;rel;rel pintu geser;18/10/2023;1060000;1;1060000;70%;318000
186993;mic 0800001;anak kunci;anak kunci;anak kunci/cylinder;19/10/2023;201500;1;201500;PROMO;81000
186994;mic 0400900;gagang pintu C;gagang pintu;gagang pintu;20/10/2023;536500;1;536500;PROMO;175000
186995;mic 3000004;rel;rel;rel pintu geser;21/10/2023;1211000;1;1211000;70%;363300
186995;mic 2009040;handle tanam p.geser 1;handle tanam pintu geser;handle tanam pintu geser;21/10/2023;39000;2;78000;40%;46800
186996;mic 0101000;lockcase 2;lockcase;lockcase/body kunci;22/10/2023;218000;1;218000;50%;109000
186997;mic 1900101;gembok;gembok;gembok;22/10/2023;509500;2;1019000;50%;509500
186998;mic 0500026;gagang pintu B;gagang pintu;gagang pintu besar(pintu 1 daun);22/10/2023;483000;1;483000;PROMO;145000
186998;mic 1500050;engsel pintu & jendela;engsel pintu & jendela;engsel pintu & jendela;22/10/2023;73000;1;73000;50%;36500
186999;mic 0506103;gagang pintu S;gagang pintu;gagang pintu sedang(pintu 1 daun);23/10/2023;342000;6;2052000;60%;820800
186999;mic 1500056;engsel pintu & jendela;engsel pintu & jendela;engsel pintu & jendela;23/10/2023;159000;9;1431000;50%;715500
186999;mic 0600001;gagang pintu DD;gagang pintu;gagang pintu kembar/pull handle;23/10/2023;365500;2;731000;50%;365500
186999;mic 1500050;engsel pintu & jendela;engsel pintu & jendela;engsel pintu & jendela;23/10/2023;73000;16;1168000;50%;584000
186999;mic 2001210;hak angin B;hak angin;hak angin/centolan jendela;23/10/2023;93500;15;1402500;40%;841500
186999;mic 2006009;grendel jendela K;grendel jendela;grendel kodok khusus jendela;23/10/2023;90500;14;1267000;40%;760200
186999;mic 0101040;lockcase 2;lockcase;lockcase/body kunci;23/10/2023;222000;1;222000;50%;111000
186999;mic 0103025;anak kunci;anak kunci;anak kunci/cylinder;23/10/2023;129000;1;129000;50%;64500
186999;mic 0702005;escushion 1;escushion;escushion/cover anak kunci;23/10/2023;164500;1;164500;40%;98700
186999;mic 2012083;grendel pintu AA;grendel pintu;grendel pintu;23/10/2023;90500;2;181000;40%;108600
187000;mic 0506103;gagang pintu S;gagang pintu;gagang pintu sedang(pintu 1 daun);23/10/2023;342000;3;1026000;60%;410400
187001;mic 0101000;lockcase 2;lockcase;lockcase/body kunci;23/10/2023;218000;2;436000;50%;218000
187001;mic 0103025;anak kunci;anak kunci;anak kunci/cylinder;23/10/2023;129000;2;258000;50%;129000
187001;mic 2012003;grendel pintu AF;grendel pintu;grendel pintu;23/10/2023;25000;3;75000;40%;45000
187001;mic 1900250;gembok;gembok;gembok;23/10/2023;99500;3;298500;50%;149250
187002;mic 2012083;grendel pintu AA;grendel pintu;grendel pintu;26/10/2023;90500;2;181000;40%;108600
187002;mic 0101000;lockcase 2;lockcase;lockcase/body kunci;26/10/2023;218000;2;436000;50%;218000
187002;mic 0103025;anak kunci;anak kunci;anak kunci/cylinder;26/10/2023;129000;2;258000;50%;129000
199451;mic 0101040;lockcase 2;lockcase;lockcase/body kunci;26/10/2023;222000;3;666000;50%;333000
199451;mic 0103025;anak kunci;anak kunci;anak kunci/cylinder;26/10/2023;129000;3;387000;50%;193500
199451;mic 0702015;escushion 2;escushion;escushion/cover anak kunci;26/10/2023;15500;1;15500;40%;9300
199452;mic 0506103;gagang pintu S;gagang pintu;gagang pintu sedang(pintu 1 daun);26/10/2023;342000;4;1368000;60%;547200
199452;mic 0506107;gagang pintu S;gagang pintu;gagang pintu sedang(pintu 1 daun);26/10/2023;283000;2;566000;50%;283000
199453;mic 0506101;gagang pintu S;gagang pintu;gagang pintu sedang(pintu 1 daun);29/10/2023;342000;6;2052000;60%;820800
199453;mic 2012083;grendel pintu AA;grendel pintu;grendel pintu;29/10/2023;90500;1;90500;40%;54300
199454;mic 0506101;gagang pintu S;gagang pintu;gagang pintu sedang(pintu 1 daun);30/10/2023;342000;2;684000;60%;273600
199455;mic 0600507;gagang pintu DD;gagang pintu;gagang pintu kembar/pull handle;30/10/2023;471000;2;942000;50%;471000
199456;mic 0800001;anak kunci;anak kunci;anak kunci/cylinder;31/10/2023;201500;1;201500;PROMO;81000
199457;mic 2012081;grendel pintu AA;grendel pintu;grendel pintu;31/10/2023;56500;1;56500;40%;33900
199458;mic 0506100;gagang pintu S;gagang pintu;gagang pintu sedang(pintu 1 daun);31/10/2023;342000;1;342000;60%;136800
199459;mic 2012067;grendel pintu AA;grendel pintu;grendel pintu;02/11/2023;65000;1;65000;30%;45500
199460;mic 0506105;gagang pintu S;gagang pintu;gagang pintu sedang(pintu 1 daun);02/11/2023;283000;1;283000;40%;169800
199461;mic 0506102;gagang pintu S;gagang pintu;gagang pintu sedang(pintu 1 daun);04/11/2023;342000;1;342000;50%;171000
199462;mic 0506106;gagang pintu S;gagang pintu;gagang pintu sedang(pintu 1 daun);05/11/2023;283000;1;283000;40%;169800
199463;mic 0506108;gagang pintu S;gagang pintu;gagang pintu sedang(pintu 1 daun);06/11/2023;283000;1;283000;40%;169800
199464;mic 0103025;anak kunci;anak kunci;anak kunci/cylinder;06/11/2023;129000;1;129000;40%;77400
199464;mic 0101000;lockcase 2;lockcase;lockcase/body kunci;06/11/2023;218000;1;218000;40%;130800
199465;mic 2012020;grendel pintu AC;grendel pintu;grendel pintu kembar;06/11/2023;40000;1;40000;30%;28000
199465;mic 2009040;handle tanam p.geser 1;handle tanam pintu geser;handle tanam pintu geser;06/11/2023;39000;4;156000;30%;109200
199466;mic 1500056;engsel pintu & jendela;engsel pintu & jendela;engsel pintu & jendela;07/11/2023;159000;5;795000;40%;477000
199466;mic 0400510;gagang pintu C;gagang pintu;gagang pintu;07/11/2023;604000;2;1208000;PROMO;458000
199467;mic 0101080;lockcase 2;lockcase;lockcase/body kunci;07/11/2023;148000;1;148000;40%;88800
199468;mic 0506107;gagang pintu S;gagang pintu;gagang pintu sedang(pintu 1 daun);08/11/2023;283000;1;283000;40%;169800
199469;mic 0506101;gagang pintu S;gagang pintu;gagang pintu sedang(pintu 1 daun);08/11/2023;342000;1;342000;50%;171000
199470;mic 1500050;engsel pintu & jendela;engsel pintu & jendela;engsel pintu & jendela;08/11/2023;73000;2;146000;40%;87600
199470;mic 2012020;grendel pintu AC;grendel pintu;grendel pintu kembar;08/11/2023;40000;2;80000;30%;56000
199471;mic 0400510;gagang pintu C;gagang pintu;gagang pintu;09/11/2023;604000;1;604000;PROMO;229000
199472;mic 0400900;gagang pintu C;gagang pintu;gagang pintu;09/11/2023;536500;1;536500;PROMO;175000
199472;mic 0506100;gagang pintu S;gagang pintu;gagang pintu sedang(pintu 1 daun);09/11/2023;342000;1;342000;50%;171000
199473;mic 2004000;grendel jendela A;grendel jendela;grendel jendela;09/11/2023;74000;2;148000;40%;88800
199473;mic 2001210;hak angin B;hak angin;hak angin/centolan jendela;09/11/2023;93500;2;187000;40%;112200
199473;mic 2012020;grendel pintu AC;grendel pintu;grendel pintu kembar;09/11/2023;40000;1;40000;40%;24000
199473;mic 1500061;engsel pintu & jendela;engsel pintu & jendela;engsel pintu & jendela;09/11/2023;345500;4;1382000;40%;829200
199474;mic 0500020;gagang pintu B;gagang pintu;gagang pintu besar(pintu 1 daun);10/11/2023;522500;1;522500;50%;261250
199474;mic 1500060;engsel pintu & jendela;engsel pintu & jendela;engsel pintu & jendela;10/11/2023;202000;3;606000;40%;363600
199474;mic 2012027;grendel pintu AC;grendel pintu;grendel pintu kembar;10/11/2023;82500;2;165000;30%;115500
199475;mic 2012081;grendel pintu AA;grendel pintu;grendel pintu;11/11/2023;56500;1;56500;30%;39550
199475;mic 2012027;grendel pintu AC;grendel pintu;grendel pintu kembar;11/11/2023;82500;1;82500;30%;57750
199476;mic 1500050;engsel pintu & jendela;engsel pintu & jendela;engsel pintu & jendela;12/11/2023;73000;1;73000;40%;43800
199476;mic 0506102;gagang pintu S;gagang pintu;gagang pintu sedang(pintu 1 daun);12/11/2023;342000;1;342000;50%;171000
199477;mic 1500056;engsel pintu & jendela;engsel pintu & jendela;engsel pintu & jendela;12/11/2023;159000;2;318000;40%;190800
199477;mic 0506100;gagang pintu S;gagang pintu;gagang pintu sedang(pintu 1 daun);12/11/2023;342000;2;684000;50%;342000
199478;mic 0600507;gagang pintu DD;gagang pintu;gagang pintu kembar/pull handle;12/11/2023;471000;1;471000;40%;282600
199479;mic 2012021;grendel pintu AC;grendel pintu;grendel pintu kembar;12/11/2023;56500;1;56500;30%;39550
199480;mic 0506107;gagang pintu S;gagang pintu;gagang pintu sedang(pintu 1 daun);13/11/2023;283000;1;283000;40%;169800
199481;mic 2009011;handle tanam p.geser 2;handle tanam pintu geser;handle tanam pintu geser;15/11/2023;84000;2;168000;40%;100800
199481;mic 2009010;handle tanam p.geser 2;handle tanam pintu geser;handle tanam pintu geser;15/11/2023;92500;4;370000;30%;259000
199482;mic 2012095;grendel pintu AA;grendel pintu;grendel pintu;15/11/2023;54500;1;54500;30%;38150
199483;mic 2012027;grendel pintu AC;grendel pintu;grendel pintu kembar;16/11/2023;82500;4;330000;30%;231000
199485;mic 2012095;grendel pintu AA;grendel pintu;grendel pintu;19/11/2023;54500;1;54500;30%;38150
199485;mic 2012080;grendel pintu AA;grendel pintu;grendel pintu;19/11/2023;40000;1;40000;30%;28000
199486;mic 2012081;grendel pintu AA;grendel pintu;grendel pintu;20/11/2023;56500;1;56500;30%;39550
199487;mic 0500027;gagang pintu B;gagang pintu;gagang pintu besar(pintu 1 daun);22/11/2023;483000;1;483000;PROMO;145000
199488;mic 2014035;pengganjal pintu;pengganjal pintu;pengganjal pintu;22/11/2023;86500;4;346000;30%;242200
199489;mic 0600043;gagang pintu D;gagang pintu;gagang pintu;22/11/2023;808500;2;1617000;40%;970200
199490;mic 0506105;gagang pintu S;gagang pintu;gagang pintu sedang(pintu 1 daun);23/11/2023;283000;1;283000;40%;169800
199491;mic 2014036;pengganjal pintu;pengganjal pintu;pengganjal pintu;23/11/2023;155000;1;155000;30%;108500
199491;mic 2011060;Doorguard;Doorguard;pengunci pintu tambahan;23/11/2023;202500;1;202500;30%;141750
199492;mic 0700001;escushion 1;escushion;escushion/cover anak kunci;23/11/2023;86500;1;86500;30%;60550
199493;mic 0506108;gagang pintu S;gagang pintu;gagang pintu sedang(pintu 1 daun);25/11/2023;283000;2;566000;40%;339600
199494;mic 0400702;gagang pintu C;gagang pintu;gagang pintu;26/11/2023;536500;1;536500;PROMO;175000
199494;mic 1510205;engsel pintu;engsel pintu;engsel pintu;26/11/2023;81500;2;163000;40%;97800
199495;mic 0500020;gagang pintu B;gagang pintu;gagang pintu besar(pintu 1 daun);27/11/2023;522500;1;522500;50%;261250
199497;mic 0500026;gagang pintu B;gagang pintu;gagang pintu besar(pintu 1 daun);28/11/2023;483000;2;966000;PROMO;290000
199498;mic 2004000;grendel jendela A;grendel jendela;grendel jendela;28/11/2023;74000;2;148000;40%;88800
199498;mic 2012020;grendel pintu AC;grendel pintu;grendel pintu kembar;28/11/2023;40000;2;80000;40%;48000
199498;mic 2012003;grendel pintu AF;grendel pintu;grendel pintu;28/11/2023;25000;1;25000;40%;15000
199498;mic 2001355;hak angin A;hak angin;hak angin/centolan jendela;28/11/2023;139000;5;695000;30%;486500
199499;mic 2004000;grendel jendela A;grendel jendela;grendel jendela;29/11/2023;74000;4;296000;50%;148000
199499;mic 0400510;gagang pintu C;gagang pintu;gagang pintu;29/11/2023;604000;1;604000;50%;302000
199499;mic 2012084;grendel pintu AA;grendel pintu;grendel pintu;29/11/2023;131500;2;263000;50%;131500
199499;mic 1900101;gembok;gembok;gembok;29/11/2023;509500;1;509500;40%;305700
199499;mic 1500050;engsel pintu & jendela;engsel pintu & jendela;engsel pintu & jendela;29/11/2023;73000;1;73000;40%;43800
199499;mic 0506100;gagang pintu S;gagang pintu;gagang pintu sedang(pintu 1 daun);29/11/2023;342000;1;342000;50%;171000
199499;mic 1500052;engsel pintu & jendela;engsel pintu & jendela;engsel pintu & jendela;30/11/2023;140000;3;420000;40%;252000
199500;mic 2012083;grendel pintu AA;grendel pintu;grendel pintu;30/11/2023;90500;2;181000;30%;126700
199501;mic 2001210;hak angin B;hak angin;hak angin/centolan jendela;30/11/2023;93500;4;374000;40%;224400
199501;mic 2004000;grendel jendela A;grendel jendela;grendel jendela;30/11/2023;74000;6;444000;40%;266400
199501;mic 0400510;gagang pintu C;gagang pintu;gagang pintu;30/11/2023;604000;1;604000;50%;302000
199502;mic 1500060;engsel pintu & jendela;engsel pintu & jendela;engsel pintu & jendela;30/11/2023;202000;5;1010000;40%;606000
199502;mic 1900101;gembok;gembok;gembok;30/11/2023;509500;1;509500;40%;305700
199502;mic 2012084;grendel pintu AA;grendel pintu;grendel pintu;30/11/2023;131500;1;131500;40%;78900
199502;mic 2004000;grendel jendela A;grendel jendela;grendel jendela;30/11/2023;74000;1;74000;40%;44400
199502;mic 0400510;gagang pintu C;gagang pintu;gagang pintu;30/11/2023;604000;1;604000;40%;362400
198901;mic 2012084;grendel pintu AA;grendel pintu;grendel pintu;30/11/2023;131500;2;263000;30%;184100
198902;mic 1900101;gembok;gembok;gembok;02/12/2023;509500;2;1019000;40%;611400
198903;mic 0103025;anak kunci;anak kunci;anak kunci/cylinder;02/12/2023;129000;1;129000;40%;77400
198903;mic 0101040;lockcase 2;lockcase;lockcase/body kunci;02/12/2023;222000;1;222000;40%;133200
198903;mic 0700001;escushion 1;escushion;escushion/cover anak kunci;02/12/2023;86500;1;86500;30%;60550
198903;mic 2012084;grendel pintu AA;grendel pintu;grendel pintu;02/12/2023;131500;1;131500;30%;92050
198903;mic 2012080;grendel pintu AA;grendel pintu;grendel pintu;02/12/2023;40000;2;80000;30%;56000
198904;mic 2001210;hak angin B;hak angin;hak angin/centolan jendela;02/12/2023;93500;6;561000;40%;336600
198904;mic 2004000;grendel jendela A;grendel jendela;grendel jendela;02/12/2023;74000;13;962000;30%;673400
198905;mic 1500060;engsel pintu & jendela;engsel pintu & jendela;engsel pintu & jendela;03/12/2023;202000;1;202000;40%;121200
198906;mic 0500020;gagang pintu B;gagang pintu;gagang pintu besar(pintu 1 daun);04/12/2023;522500;1;522500;50%;261250
198907;mic 3000101;roda rel pintu geser;roda rel pintu geser;roda rel pintu geser;04/12/2023;318000;1;318000;40%;190800
198908;mic 1500057;engsel pintu & jendela;engsel pintu & jendela;engsel pintu & jendela;05/12/2023;238000;1;238000;40%;142800
198908;mic 1500052;engsel pintu & jendela;engsel pintu & jendela;engsel pintu & jendela;05/12/2023;140000;1;140000;40%;84000
198908;mic 0500020;gagang pintu B;gagang pintu;gagang pintu besar(pintu 1 daun);05/12/2023;522500;1;522500;50%;261250
198908;mic 2001355;hak angin A;hak angin;hak angin/centolan jendela;05/12/2023;139000;1;139000;30%;97300
198908;mic 2012081;grendel pintu AA;grendel pintu;grendel pintu;05/12/2023;56500;1;56500;30%;39550
198908;mic 2012080;grendel pintu AA;grendel pintu;grendel pintu;05/12/2023;40000;1;40000;30%;28000
198909;mic 0500026;gagang pintu B;gagang pintu;gagang pintu besar(pintu 1 daun);05/12/2023;483000;1;483000;PROMO;145000
198910;mic 0601349;gagang pintu DD;gagang pintu;gagang pintu kembar/pull handle;05/12/2023;471000;1;471000;40%;282600
198911;mic 2012027;grendel pintu AC;grendel pintu;grendel pintu kembar;07/12/2023;82500;2;165000;30%;115500
198911;mic 2012095;grendel pintu AA;grendel pintu;grendel pintu;07/12/2023;54500;1;54500;30%;38150
198912;mic 2012027;grendel pintu AC;grendel pintu;grendel pintu kembar;09/12/2023;82500;1;82500;30%;57750
198913;mic 0500028;gagang pintu B;gagang pintu;gagang pintu besar(pintu 1 daun);10/12/2023;483000;1;483000;PROMO;145000
198913;mic 0700001;escushion 1;escushion;escushion/cover anak kunci;10/12/2023;86500;1;86500;30%;60550
198914;mic 2014035;pengganjal pintu;pengganjal pintu;pengganjal pintu;11/12/2023;86500;2;173000;30%;121100
198915;mic 2012027;grendel pintu AC;grendel pintu;grendel pintu kembar;11/12/2023;82500;1;82500;30%;57750
198916;mic 0600020;gagang lemari 1;gagang lemari;gagang lemari;12/12/2023;164500;2;329000;40%;197400
198917;mic 0506108;gagang pintu S;gagang pintu;gagang pintu sedang(pintu 1 daun);13/12/2023;283000;2;566000;40%;339600
198917;mic 0500026;gagang pintu B;gagang pintu;gagang pintu besar(pintu 1 daun);13/12/2023;483000;1;483000;PROMO;145000
198918;mic 2012095;grendel pintu AA;grendel pintu;grendel pintu;13/12/2023;54500;1;54500;30%;38150
198919;mic 2012003;grendel pintu AF;grendel pintu;grendel pintu;14/12/2023;25000;1;25000;30%;17500
198919;mic 1900002;gembok;gembok;gembok;14/12/2023;211000;1;211000;40%;126600
198920;mic 0600450;gagang pintu DD;gagang pintu;gagang pintu kembar/pull handle;16/12/2023;710000;2;1420000;40%;852600
198920;mic 0101033;lockcase 2;lockcase;lockcase/body kunci;16/12/2023;533000;1;533000;40%;319800
198920;mic 0103001;anak kunci;anak kunci;anak kunci/cylinder;16/12/2023;230000;1;230000;40%;138000
198920;mic 2012106;grendel pintu AD;grendel pintu;grendel tanam pintu kembar;16/12/2023;261000;2;522000;30%;365400
198920;mic 0702006;escushion 1;escushion;escushion/cover anak kunci;16/12/2023;164500;1;164500;30%;115150
198921;mic 2012080;grendel pintu AA;grendel pintu;grendel pintu;16/12/2023;40000;1;40000;30%;28000
198922;mic 2012003;grendel pintu AF;grendel pintu;grendel pintu;16/12/2023;25000;1;25000;40%;15000
198922;mic 1900202;gembok;gembok;gembok angka;16/12/2023;57500;1;57500;50%;28750
198923;mic 1500050;engsel pintu & jendela;engsel pintu & jendela;engsel pintu & jendela;17/12/2023;73000;1;73000;40%;43800
198923;mic 0506100;gagang pintu S;gagang pintu;gagang pintu sedang(pintu 1 daun);17/12/2023;342000;1;342000;50%;171000
198924;mic 3000101;roda rel pintu geser;roda rel pintu geser;roda rel pintu geser;17/12/2023;318000;1;318000;40%;190800
198925;mic 2012080;grendel pintu AA;grendel pintu;grendel pintu;18/12/2023;40000;1;40000;30%;28000
198926;mic 0400510;gagang pintu C;gagang pintu;gagang pintu;18/12/2023;604000;1;604000;PROMO;229000
198927;mic 2012021;grendel pintu AC;grendel pintu;grendel pintu kembar;19/12/2023;56500;1;56500;30%;39550
198928;mic 2012080;grendel pintu AA;grendel pintu;grendel pintu;19/12/2023;40000;1;40000;30%;28000
198929;mic 2012083;grendel pintu AA;grendel pintu;grendel pintu;20/12/2023;90500;2;181000;30%;126700
198930;mic 0500026;gagang pintu B;gagang pintu;gagang pintu besar(pintu 1 daun);21/12/2023;483000;1;483000;PROMO;145000
198931;mic 1500056;engsel pintu & jendela;engsel pintu & jendela;engsel pintu & jendela;23/12/2023;159000;1;159000;40%;95400
198931;mic 0500027;gagang pintu B;gagang pintu;gagang pintu besar(pintu 1 daun);23/12/2023;483000;1;483000;PROMO;145000
198932;mic 0500021;gagang pintu B;gagang pintu;gagang pintu besar(pintu 1 daun);23/12/2023;522500;1;522500;50%;261250
198933;mic 2012003;grendel pintu AF;grendel pintu;grendel pintu;23/12/2023;25000;1;25000;30%;17500
198933;mic 1900250;gembok;gembok;gembok;23/12/2023;99500;1;99500;40%;59700
198934;mic 0500025;gagang pintu B;gagang pintu;gagang pintu besar(pintu 1 daun);24/12/2023;483000;1;483000;PROMO;145000
198934;mic 2006009;grendel jendela K;grendel jendela;grendel kodok khusus jendela;24/12/2023;90500;2;181000;30%;126700
198935;mic 1500050;engsel pintu & jendela;engsel pintu & jendela;engsel pintu & jendela;24/12/2023;73000;1;73000;40%;43800
198935;mic 0506103;gagang pintu S;gagang pintu;gagang pintu sedang(pintu 1 daun);24/12/2023;342000;1;342000;50%;171000
198936;mic 1510205;engsel pintu;engsel pintu;engsel pintu;25/12/2023;81500;8;652000;40%;391200
198937;mic 0702005;escushion 1;escushion;escushion/cover anak kunci;25/12/2023;164500;1;164500;30%;115150
198938;mic 0104003;anak kunci;anak kunci;anak kunci/cylinder;27/12/2023;232000;1;232000;40%;139200
198939;mic 0500027;gagang pintu B;gagang pintu;gagang pintu besar(pintu 1 daun);28/12/2023;483000;1;483000;PROMO;145000
198940;mic 0101040;lockcase 2;lockcase;lockcase/body kunci;28/12/2023;222000;1;222000;40%;133200
198940;mic 0702015;escushion 2;escushion;escushion/cover anak kunci;28/12/2023;15500;1;15500;30%;10850
198941;mic 0506103;gagang pintu S;gagang pintu;gagang pintu sedang(pintu 1 daun);30/12/2023;342000;3;1026000;50%;513000
198942;mic 2012080;grendel pintu AA;grendel pintu;grendel pintu;30/12/2023;40000;4;160000;30%;112000
198943;mic 2012080;grendel pintu AA;grendel pintu;grendel pintu;30/12/2023;40000;5;200000;30%;140000
198944;mic 2012101;grendel pintu AB;grendel pintu;grendel pintu;30/12/2023;111500;2;223000;30%;163100
198944;mic 0601348;gagang pintu DD;gagang pintu;gagang pintu kembar/pull handle;30/12/2023;422000;2;844000;40%;506400
198944;mic 0101040;lockcase 2;lockcase;lockcase/body kunci;30/12/2023;222000;1;222000;40%;133200
198944;mic 0700002;escushion 1;escushion;escushion/cover anak kunci;30/12/2023;115500;1;115500;30%;80850
198945;mic 2012101;grendel pintu AB;grendel pintu;grendel pintu;30/12/2023;111500;4;446000;30%;326200
198945;mic 0101040;lockcase 2;lockcase;lockcase/body kunci;30/12/2023;222000;2;444000;30%;310800
198945;mic 0600450;gagang pintu DD;gagang pintu;gagang pintu kembar/pull handle;30/12/2023;710000;4;2840000;40%;1705200
198945;mic 0702005;escushion 1;escushion;escushion/cover anak kunci;30/12/2023;164500;2;329000;30%;230300
198946;mic 1500050;engsel pintu & jendela;engsel pintu & jendela;engsel pintu & jendela;31/12/2023;73000;1;73000;40%;43800
198946;mic 0506103;gagang pintu S;gagang pintu;gagang pintu sedang(pintu 1 daun);31/12/2023;342000;1;342000;50%;171000
198946;mic 1500056;engsel pintu & jendela;engsel pintu & jendela;engsel pintu & jendela;31/12/2023;159000;3;477000;40%;286200
198946;mic 0500026;gagang pintu B;gagang pintu;gagang pintu besar(pintu 1 daun);31/12/2023;483000;1;483000;PROMO;145000
198947;mic 0500027;gagang pintu B;gagang pintu;gagang pintu besar(pintu 1 daun);31/12/2023;483000;1;483000;PROMO;145000
198948;mic 0500026;gagang pintu B;gagang pintu;gagang pintu besar(pintu 1 daun);31/12/2023;483000;1;483000;PROMO;145000
198802;mic 0506103;gagang pintu S;gagang pintu;gagang pintu sedang(pintu 1 daun);02/01/2024;342000;2;684000;50%;342000
198803;mic 2012080;grendel pintu AA;grendel pintu;grendel pintu;03/01/2024;40000;5;200000;30%;140000
198804;mic 1500050;engsel pintu & jendela;engsel pintu & jendela;engsel pintu & jendela;04/01/2024;73000;3;219000;40%;131400
198804;mic 0506100;gagang pintu S;gagang pintu;gagang pintu sedang(pintu 1 daun);04/01/2024;342000;3;1026000;50%;513000
198805;mic 2012080;grendel pintu AA;grendel pintu;grendel pintu;04/01/2024;40000;1;40000;30%;28000
198806;mic 1500050;engsel pintu & jendela;engsel pintu & jendela;engsel pintu & jendela;07/01/2024;73000;1;73000;40%;43800
198806;mic 0506103;gagang pintu S;gagang pintu;gagang pintu sedang(pintu 1 daun);07/01/2024;342000;1;342000;50%;171000
198807;mic 2009040;handle tanam p.geser 1;handle tanam pintu geser;handle tanam pintu geser;08/01/2024;39000;2;78000;30%;54600
198808;mic 2012101;grendel pintu AB;grendel pintu;grendel pintu;09/01/2024;111500;1;111500;30%;78050
198808;mic 2012102;grendel pintu AB;grendel pintu;grendel pintu;09/01/2024;187000;1;187000;30%;130900
198808;mic 2012080;grendel pintu AA;grendel pintu;grendel pintu;09/01/2024;40000;2;80000;30%;56000
198808;mic 1500050;engsel pintu & jendela;engsel pintu & jendela;engsel pintu & jendela;09/01/2024;73000;2;146000;40%;87600
198808;mic 1500060;engsel pintu & jendela;engsel pintu & jendela;engsel pintu & jendela;09/01/2024;202000;2;404000;40%;242400
198808;mic 2001210;hak angin B;hak angin;hak angin/centolan jendela;09/01/2024;93500;1;93500;30%;65450
198808;mic 0400510;gagang pintu C;gagang pintu;gagang pintu;09/01/2024;604000;1;604000;PROMO;229000
198809;mic 0500026;gagang pintu B;gagang pintu;gagang pintu besar(pintu 1 daun);10/01/2024;483000;1;483000;PROMO;145000
198810;mic 0600515;gagang pintu DD;gagang pintu;gagang pintu kembar/pull handle;11/01/2024;471000;2;942000;40%;565200
198810;mic 0600506;gagang pintu DD;gagang pintu;gagang pintu kembar/pull handle;11/01/2024;471000;2;942000;40%;565200
198811;mic 0500025;gagang pintu B;gagang pintu;gagang pintu besar(pintu 1 daun);13/01/2024;483000;1;483000;PROMO;145000
198812;mic 0600508;gagang pintu DD;gagang pintu;gagang pintu kembar/pull handle;13/01/2024;471000;2;942000;40%;565200
198814;mic 0506103;gagang pintu S;gagang pintu;gagang pintu sedang(pintu 1 daun);14/01/2024;342000;2;684000;50%;342000
198814;mic 2012080;grendel pintu AA;grendel pintu;grendel pintu;14/01/2024;40000;4;160000;30%;112000
198814;mic 2004000;grendel jendela A;grendel jendela;grendel jendela;14/01/2024;74000;1;74000;40%;44400
198814;mic 2001210;hak angin B;hak angin;hak angin/centolan jendela;14/01/2024;93500;1;93500;30%;65450
198815;mic 0500026;gagang pintu B;gagang pintu;gagang pintu besar(pintu 1 daun);14/01/2024;483000;2;966000;PROMO;229000
198816;mic 0600032;gagang pintu D;gagang pintu;gagang pintu;15/01/2024;870500;1;870500;40%;522300
198817;mic 2012024;grendel pintu AC;grendel pintu;grendel pintu kembar;15/01/2024;132000;1;132000;30%;92400
198818;mic 0101062;lockcase 2;lockcase;lockcase/body kunci;18/01/2024;135500;1;135500;40%;81300
198818;mic 0104004;anak kunci;anak kunci;anak kunci/cylinder;18/01/2024;111000;1;111000;40%;66600
198819;mic 0600409;gagang pintu DD;gagang pintu;gagang pintu kembar/pull handle;18/01/2024;1140000;2;2280000;40%;1368000
198820;mic 0500027;gagang pintu B;gagang pintu;gagang pintu besar(pintu 1 daun);19/01/2024;483000;1;483000;PROMO;145000
198821;mic 0500027;gagang pintu B;gagang pintu;gagang pintu besar(pintu 1 daun);20/01/2024;483000;1;483000;PROMO;145000
198822;mic 0600505;gagang pintu DD;gagang pintu;gagang pintu kembar/pull handle;20/01/2024;471000;1;471000;40%;282600
198822;mic 0104004;anak kunci;anak kunci;anak kunci/cylinder;20/01/2024;111000;1;111000;50%;55500
198822;mic 0101040;lockcase 2;lockcase;lockcase/body kunci;20/01/2024;222000;1;222000;40%;133200
198822;mic 0702005;escushion 1;escushion;escushion/cover anak kunci;20/01/2024;164500;1;164500;30%;115150
198823;mic 2004000;grendel jendela A;grendel jendela;grendel jendela;20/01/2024;74000;1;74000;40%;44400
198823;mic 1500057;engsel pintu & jendela;engsel pintu & jendela;engsel pintu & jendela;20/01/2024;238000;2;476000;40%;285600
198824;mic 0400510;gagang pintu C;gagang pintu;gagang pintu;20/01/2024;604000;5;3020000;40%;1035000
198825;mic 0500025;gagang pintu B;gagang pintu;gagang pintu besar(pintu 1 daun);21/01/2024;483000;1;483000;PROMO;145000
198826;mic 0506106;gagang pintu S;gagang pintu;gagang pintu sedang(pintu 1 daun);22/01/2024;283000;1;283000;40%;169800
198827;mic 2012080;grendel pintu AA;grendel pintu;grendel pintu;23/01/2024;40000;1;40000;30%;28000
198828;mic 2009040;handle tanam p.geser 1;handle tanam pintu geser;handle tanam pintu geser;24/01/2024;39000;6;234000;30%;982800
198829;mic 2012020;grendel pintu AC;grendel pintu;grendel pintu kembar;25/01/2024;40000;1;40000;30%;28000
198830;mic 0506100;gagang pintu S;gagang pintu;gagang pintu sedang(pintu 1 daun);26/01/2024;342000;1;342000;50%;171000
198831;mic 2012081;grendel pintu AA;grendel pintu;grendel pintu;26/01/2024;56500;1;56500;30%;39550
198832;mic 2009040;handle tanam p.geser 1;handle tanam pintu geser;handle tanam pintu geser;29/01/2024;39000;2;78000;30%;109200
198833;mic 2012080;grendel pintu AA;grendel pintu;grendel pintu;30/01/2024;40000;2;80000;30%;112000
198834;mic 2012020;grendel pintu AC;grendel pintu;grendel pintu kembar;30/01/2024;40000;1;40000;30%;28000
198835;mic 2012020;grendel pintu AC;grendel pintu;grendel pintu kembar;30/01/2024;40000;2;80000;30%;79100
198836;mic 0500027;gagang pintu B;gagang pintu;gagang pintu besar(pintu 1 daun);30/01/2024;483000;1;483000;PROMO;145000
198837;mic 3000101;roda rel pintu geser;roda rel pintu geser;roda rel pintu geser;31/01/2024;318000;1;318000;40%;190800
198837;mic 2001210;hak angin B;hak angin;hak angin/centolan jendela;31/01/2024;93500;1;93500;40%;56100
198837;mic 2004000;grendel jendela A;grendel jendela;grendel jendela;31/01/2024;74000;1;74000;40%;44400
198837;mic 1500050;engsel pintu & jendela;engsel pintu & jendela;engsel pintu & jendela;31/01/2024;73000;1;73000;40%;43800
198837;mic 0506103;gagang pintu S;gagang pintu;gagang pintu sedang(pintu 1 daun);31/01/2024;342000;1;342000;50%;171000
198838;mic 2012020;grendel pintu AC;grendel pintu;grendel pintu kembar;01/02/2024;40000;11;440000;30%;308000
198839;mic 0500027;gagang pintu B;gagang pintu;gagang pintu besar(pintu 1 daun);02/02/2024;483000;1;483000;PROMO;145000
198839;mic 0500025;gagang pintu B;gagang pintu;gagang pintu besar(pintu 1 daun);02/02/2024;483000;2;966000;PROMO;290000
198840;mic 1100005;door  closer;door  closer;door  closer/otomatis pintu;03/02/2024;455500;1;455500;PROMO;199000
198841;mic 0500025;gagang pintu B;gagang pintu;gagang pintu besar(pintu 1 daun);03/02/2024;483000;1;483000;PROMO;145000
198842;mic 0600511;gagang pintu DD;gagang pintu;gagang pintu kembar/pull handle;03/02/2024;471000;2;942000;40%;565200
198843;mic 2001210;hak angin B;hak angin;hak angin/centolan jendela;03/02/2024;93500;1;93500;40%;56100
198843;mic 2004000;grendel jendela A;grendel jendela;grendel jendela;03/02/2024;74000;1;74000;40%;44400
198843;mic 1500050;engsel pintu & jendela;engsel pintu & jendela;engsel pintu & jendela;03/02/2024;73000;1;73000;40%;43800
198844;mic 0500027;gagang pintu B;gagang pintu;gagang pintu besar(pintu 1 daun);05/02/2024;483000;1;483000;50%;171000
198845;mic 0506055;engsel pintu & jendela;engsel pintu & jendela;engsel pintu & jendela;05/02/2024;66000;8;528000;40%;316800
198846;mic 0600055;gagang pintu D;gagang pintu;gagang pintu;08/02/2024;721500;1;721500;40%;432900
198847;mic 0600055;gagang pintu D;gagang pintu;gagang pintu;09/02/2024;721500;1;721500;40%;432900
198848;mic 0506103;gagang pintu S;gagang pintu;gagang pintu sedang(pintu 1 daun);10/02/2024;342000;1;342000;50%;171000
198849;mic 2012020;grendel pintu AC;grendel pintu;grendel pintu kembar;11/02/2024;40000;1;40000;40%;24000
185501;mic 0500025;gagang pintu B;gagang pintu;gagang pintu besar(pintu 1 daun);12/02/2024;483000;1;483000;PROMO;145000
185502;mic 0600055;gagang pintu D;gagang pintu;gagang pintu;13/02/2024;721500;1;721500;40%;432900
185503;mic 0506103;gagang pintu S;gagang pintu;gagang pintu sedang(pintu 1 daun);13/02/2024;342000;1;342000;50%;171000
185504;mic 0506101;gagang pintu S;gagang pintu;gagang pintu sedang(pintu 1 daun);14/02/2024;342000;1;342000;50%;171000
185505;mic 2012020;grendel pintu AC;grendel pintu;grendel pintu kembar;14/02/2024;40000;12;480000;30%;336000
185506;mic 0506103;gagang pintu S;gagang pintu;gagang pintu sedang(pintu 1 daun);14/02/2024;342000;1;342000;50%;171000
185507;mic 0101040;lockcase 2;lockcase;lockcase/body kunci;14/02/2024;222000;1;222000;40%;133200
185507;mic 2012080;grendel pintu AA;grendel pintu;grendel pintu;14/02/2024;40000;2;80000;30%;56000
185508;mic 0500027;gagang pintu B;gagang pintu;gagang pintu besar(pintu 1 daun);17/02/2024;483000;1;483000;PROMO;145000
185509;mic 2007007;tarikan lemari/laci;tarikan lemari/laci;tarikan lemari/laci;18/02/2024;119500;1;119500;30%;83650
185510;mic 0500021;gagang pintu B;gagang pintu;gagang pintu besar(pintu 1 daun);19/02/2024;522500;1;522500;50%;261250
185511;mic 0506100;gagang pintu S;gagang pintu;gagang pintu sedang(pintu 1 daun);20/02/2024;342000;1;342000;50%;171000
185512;mic 2010108;gantungan baju;gantungan baju;gantungan baju;21/02/2024;207000;3;621000;30%;434700
185512;mic 2010085;gantungan baju;gantungan baju;gantungan baju;21/02/2024;234500;1;234500;30%;164150
185513;mic 2014041;pengganjal pintu;pengganjal pintu;pengganjal pintu;23/02/2024;109500;2;219000;30%;153300
185514;mic 0101080;lockcase 2;lockcase;lockcase/body kunci;23/02/2024;148000;1;148000;40%;88800
185515;mic 0500025;gagang pintu B;gagang pintu;gagang pintu besar(pintu 1 daun);24/02/2024;483000;1;483000;PROMO;145000
185516;mic 0600500;gagang pintu DD;gagang pintu;gagang pintu kembar/pull handle;25/02/2024;526500;2;1053000;40%;631800
185517;mic 2012081;grendel pintu AA;grendel pintu;grendel pintu;25/02/2024;56500;2;113000;30%;79100
185517;mic 2012080;grendel pintu AA;grendel pintu;grendel pintu;25/02/2024;40000;1;40000;30%;28000
185518;mic 0506103;gagang pintu S;gagang pintu;gagang pintu sedang(pintu 1 daun);25/02/2024;342000;3;1026000;50%;513000
185518;mic 0400510;gagang pintu C;gagang pintu;gagang pintu;25/02/2024;604000;1;604000;PROMO;229000
185519;mic 0506103;gagang pintu S;gagang pintu;gagang pintu sedang(pintu 1 daun);26/02/2024;342000;1;342000;50%;171000
185520;mic 0600510;gagang pintu DD;gagang pintu;gagang pintu kembar/pull handle;28/02/2024;471000;1;471000;40%;282600
185521;mic 0600511;gagang pintu DD;gagang pintu;gagang pintu kembar/pull handle;28/02/2024;471000;1;471000;40%;282600
185522;mic 0506101;gagang pintu S;gagang pintu;gagang pintu sedang(pintu 1 daun);01/03/2024;342000;1;342000;50%;171000
185523;mic 1100006;door  closer;door  closer;door  closer/otomatis pintu;01/03/2024;455000;1;455000;PROMO;199000
185524;mic 0506105;gagang pintu S;gagang pintu;gagang pintu sedang(pintu 1 daun);02/03/2024;283000;2;566000;40%;339600
185524;mic 1500057;engsel pintu & jendela;engsel pintu & jendela;engsel pintu & jendela;02/03/2024;238000;1;238000;40%;142800
185524;mic 1500061;engsel pintu & jendela;engsel pintu & jendela;engsel pintu & jendela;02/03/2024;345500;1;345500;40%;207300
185525;mic 1500060;engsel pintu & jendela;engsel pintu & jendela;engsel pintu & jendela;02/03/2024;202000;1;202000;40%;121200
185525;mic 0500028;gagang pintu B;gagang pintu;gagang pintu besar(pintu 1 daun);02/03/2024;483000;1;483000;PROMO;145000
185526;mic 2012065;grendel pintu AA;grendel pintu;grendel pintu;02/03/2024;50000;1;50000;30%;35000
185527;mic 0506100;gagang pintu S;gagang pintu;gagang pintu sedang(pintu 1 daun);02/03/2024;342000;2;684000;50%;342000
185528;mic 2012080;grendel pintu AA;grendel pintu;grendel pintu;02/03/2024;40000;2;80000;30%;56000
185529;mic 0101033;lockcase 2;lockcase;lockcase/body kunci;02/03/2024;533000;1;533000;40%;319800
185530;mic 2012080;grendel pintu AA;grendel pintu;grendel pintu;03/03/2024;40000;1;40000;30%;28000
185531;mic 2004000;grendel jendela A;grendel jendela;grendel jendela;04/03/2024;74000;3;222000;40%;133200
185531;mic 2001210;hak angin B;hak angin;hak angin/centolan jendela;04/03/2024;93500;2;187000;40%;112200
185531;mic 0506055;engsel pintu & jendela;engsel pintu & jendela;engsel pintu & jendela;04/03/2024;66000;3;198000;40%;118800
185531;mic 1500052;engsel pintu & jendela;engsel pintu & jendela;engsel pintu & jendela;04/03/2024;140000;2;280000;40%;168000
185532;mic 2001355;hak angin A;hak angin;hak angin/centolan jendela;04/03/2024;139000;1;139000;40%;83400
185532;mic 2004000;grendel jendela A;grendel jendela;grendel jendela;04/03/2024;74000;2;148000;30%;103600
185533;mic 0506055;engsel pintu & jendela;engsel pintu & jendela;engsel pintu & jendela;04/03/2024;66000;1;66000;40%;39600
185533;mic 0500025;gagang pintu B;gagang pintu;gagang pintu besar(pintu 1 daun);04/03/2024;483000;1;483000;PROMO;145000
185534;mic 0506103;gagang pintu S;gagang pintu;gagang pintu sedang(pintu 1 daun);04/03/2024;342000;1;342000;50%;171000
185535;mic 1100005;door  closer;door  closer;door  closer/otomatis pintu;04/03/2024;455500;1;455500;PROMO;199000
185536;mic 2012080;grendel pintu AA;grendel pintu;grendel pintu;04/03/2024;40000;1;40000;30%;28000
185537;mic 0800001;anak kunci;anak kunci;anak kunci/cylinder;04/03/2024;201500;1;201500;PROMO;81000
185538;mic 0506107;gagang pintu S;gagang pintu;gagang pintu sedang(pintu 1 daun);04/03/2024;283000;2;566000;40%;339600
185539;mic 2014041;pengganjal pintu;pengganjal pintu;pengganjal pintu;04/03/2024;109500;1;109500;30%;76650
185540;mic 2012080;grendel pintu AA;grendel pintu;grendel pintu;06/06/2024;40000;5;200000;30%;140000
185541;mic 0500027;gagang pintu B;gagang pintu;gagang pintu besar(pintu 1 daun);08/03/2024;483000;1;483000;PROMO;145000
185542;mic 0506107;gagang pintu S;gagang pintu;gagang pintu sedang(pintu 1 daun);08/03/2024;283000;1;283000;40%;169800
185543;mic 0506105;gagang pintu S;gagang pintu;gagang pintu sedang(pintu 1 daun);09/03/2024;283000;11;3113000;40%;1867800
185543;mic 1500056;engsel pintu & jendela;engsel pintu & jendela;engsel pintu & jendela;09/03/2024;159000;11;1749000;40%;1049400
185543;mic 2012080;grendel pintu AA;grendel pintu;grendel pintu;09/03/2024;40000;11;440000;30%;308000
185543;mic 2001230;hak angin C;hak angin;hak angin/centolan jendela;09/03/2024;93500;11;1028500;30%;719950
185543;mic 2006010;grendel jendela K;grendel jendela;grendel kodok khusus jendela;09/03/2024;94500;15;1417500;30%;992250
185543;mic 2001355;hak angin A;hak angin;hak angin/centolan jendela;09/03/2024;139000;15;2085000;30%;1459500
185543;mic 0500022;gagang pintu B;gagang pintu;gagang pintu besar(pintu 1 daun);09/03/2024;522500;6;3135000;50%;1567500
185543;mic 1500057;engsel pintu & jendela;engsel pintu & jendela;engsel pintu & jendela;09/03/2024;238000;6;1428000;40%;856800
185543;mic 1500050;engsel pintu & jendela;engsel pintu & jendela;engsel pintu & jendela;09/03/2024;73000;11;803000;40%;481800
185543;mic 1500052;engsel pintu & jendela;engsel pintu & jendela;engsel pintu & jendela;09/03/2024;140000;15;2100000;40%;1260000
185544;mic 2012080;grendel pintu AA;grendel pintu;grendel pintu;10/03/2024;40000;1;40000;30%;28000
185545;mic 2004000;grendel jendela A;grendel jendela;grendel jendela;13/03/2024;74000;2;148000;40%;88800
185545;mic 2001210;hak angin B;hak angin;hak angin/centolan jendela;13/03/2024;93500;2;187000;40%;112200
185545;mic 0506055;engsel pintu & jendela;engsel pintu & jendela;engsel pintu & jendela;13/03/2024;66000;3;198000;40%;118800
185546;mic 2001210;hak angin B;hak angin;hak angin/centolan jendela;13/03/2024;93500;2;187000;40%;112200
185546;mic 1500060;engsel pintu & jendela;engsel pintu & jendela;engsel pintu & jendela;13/03/2024;202000;1;202000;40%;121200
185546;mic 2004000;grendel jendela A;grendel jendela;grendel jendela;13/03/2024;74000;1;74000;40%;44400
185546;mic 1500050;engsel pintu & jendela;engsel pintu & jendela;engsel pintu & jendela;13/03/2024;73000;1;73000;40%;43800
185547;mic 0600508;gagang pintu DD;gagang pintu;gagang pintu kembar/pull handle;14/03/2024;471000;1;471000;40%;282600
185548;mic 0601347;gagang pintu DD;gagang pintu;gagang pintu kembar/pull handle;15/03/2024;422000;2;844000;40%;506400
185549;mic 0800001;anak kunci;anak kunci;anak kunci/cylinder;16/03/2024;201500;1;201500;PROMO;81000
185550;mic 0101040;lockcase 2;lockcase;lockcase/body kunci;17/03/2024;222000;1;222000;40%;133200
185550;mic 0700001;escushion 1;escushion;escushion/cover anak kunci;17/03/2024;86500;1;86500;30%;60550
185551;mic 0506100;gagang pintu S;gagang pintu;gagang pintu sedang(pintu 1 daun);18/03/2024;342000;1;342000;50%;171000
185552;mic 0800001;anak kunci;anak kunci;anak kunci/cylinder;19/03/2024;201500;1;201500;PROMO;81000
185553;mic 0600020;gagang lemari 1;gagang lemari;gagang lemari;20/03/2024;164500;1;164500;40%;98700
185554;mic 0506106;gagang pintu S;gagang pintu;gagang pintu sedang(pintu 1 daun);21/03/2024;283000;1;283000;40%;169800
185555;mic 0500025;gagang pintu B;gagang pintu;gagang pintu besar(pintu 1 daun);22/03/2024;483000;1;483000;PROMO;145000
185556;mic 0500026;gagang pintu B;gagang pintu;gagang pintu besar(pintu 1 daun);23/03/2024;483000;1;483000;PROMO;145000
185557;mic 0506105;gagang pintu S;gagang pintu;gagang pintu sedang(pintu 1 daun);25/03/2024;283000;1;283000;40%;169800
185558;mic 0506103;gagang pintu S;gagang pintu;gagang pintu sedang(pintu 1 daun);27/03/2024;342000;1;342000;50%;171000
185559;mic 2012020;grendel pintu AC;grendel pintu;grendel pintu kembar;28/03/2024;40000;1;40000;30%;28000
185560;mic 0600020;gagang lemari 1;gagang lemari;gagang lemari;28/03/2024;164500;2;329000;40%;197400
185561;mic 0600510;gagang pintu DD;gagang pintu;gagang pintu kembar/pull handle;29/03/2024;471000;1;471000;40%;282600
185562;mic 2012080;grendel pintu AA;grendel pintu;grendel pintu;29/03/2024;40000;2;80000;30%;56000
185563;mic 0506103;gagang pintu S;gagang pintu;gagang pintu sedang(pintu 1 daun);30/03/2024;342000;1;342000;50%;171000
185564;mic 0101033;lockcase 2;lockcase;lockcase/body kunci;30/03/2024;533000;1;533000;40%;319800
185564;mic 2012083;grendel pintu AA;grendel pintu;grendel pintu;30/03/2024;90500;2;181000;30%;126700
185564;mic 1500057;engsel pintu & jendela;engsel pintu & jendela;engsel pintu & jendela;30/03/2024;238000;3;714000;40%;428400
185565;mic 0101040;lockcase 2;lockcase;lockcase/body kunci;30/03/2024;222000;1;222000;40%;133200
185565;mic 0702005;escushion 1;escushion;escushion/cover anak kunci;30/03/2024;164500;1;164500;30%;115150
185566;mic 0506103;gagang pintu S;gagang pintu;gagang pintu sedang(pintu 1 daun);31/03/2024;342000;1;342000;50%;171000
185566;mic 1500056;engsel pintu & jendela;engsel pintu & jendela;engsel pintu & jendela;31/03/2024;159000;1;159000;40%;95400
185567;mic 2007007;tarikan lemari/laci;tarikan lemari/laci;tarikan lemari/laci;31/03/2024;119500;2;239000;30%;167300
185568;mic 2007007;tarikan lemari/laci;tarikan lemari/laci;tarikan lemari/laci;31/03/2024;119500;1;119500;30%;83650
185569;mic 0500025;gagang pintu B;gagang pintu;gagang pintu besar(pintu 1 daun);31/03/2024;483000;1;483000;PROMO;145000
185570;mic 2004000;grendel jendela A;grendel jendela;grendel jendela;31/03/2024;74000;1;74000;40%;44400
185570;mic 1500056;engsel pintu & jendela;engsel pintu & jendela;engsel pintu & jendela;31/03/2024;159000;2;318000;40%;190800
